50-2015,98-2015,35-2015,99-2015,100-2015,101-2015,102-2015,103-2015,104-2015,1-2015,105-2015,79-2015,2-2015,106-2015,51-2015,107-2015,52-2015,108-2015,53-2015,109-2015,36-2015,110-2015,3-2015,54-2015,111-2015,80-2015,4-2015,37-2015,112-2015,5-2015,113-2015,6-2015,114-2015,55-2015,7-2015,115-2015,116-2015,8-2015,117-2015,56-2015,118-2015,81-2015,38-2015,9-2015,119-2015,120-2015,57-2015,10-2015,121-2015,58-2015,122-2015,11-2015,123-2015,124-2015,59-2015,125-2015,82-2015,126-2015,12-2015,127-2015,60-2015,128-2015,61-2015,129-2015,39-2015,130-2015,131-2015,132-2015,83-2015,133-2015,134-2015,40-2015,62-2015,135-2015,136-2015,137-2015,138-2015,63-2015,139-2015,84-2015,13-2015,41-2015,140-2015,14-2015,141-2015,15-2015,142-2015,16-2015,143-2015,144-2015,17-2015,145-2015,146-2015,85-2015,18-2015,147-2015,148-2015,19-2015,149-2015,150-2015,151-2015,64-2015,152-2015,153-2015,86-2015,20-2015,154-2015,155-2015,21-2015,156-2015,157-2015,42-2015,158-2015,22-2015,159-2015,160-2015,87-2015,23-2015,65-2015,161-2015,162-2015,24-2015,66-2015,163-2015,67-2015,164-2015,165-2015,68-2015,166-2015,167-2015,43-2015,168-2015,88-2015,25-2015,69-2015,169-2015,89-2015,170-2015,26-2015,90-2015,171-2015,172-2015,27-2015,173-2015,174-2015,91-2015,44-2015,70-2015,28-2015,71-2015,175-2015,176-2015,177-2015,178-2015,179-2015,92-2015,45-2015,180-2015,72-2015,181-2015,182-2015,183-2015,184-2015,185-2015,73-2015,186-2015,93-2015,187-2015,29-2015,46-2015,74-2015,188-2015,189-2015,30-2015,190-2015,191-2015,31-2015,192-2015,75-2015,193-2015,94-2015,47-2015,194-2015,195-2015,196-2015,32-2015,197-2015,198-2015,33-2015,199-2015,200-2015,95-2015,48-2015,201-2015,34-2015,202-2015,76-2015,203-2015,204-2015,205-2015,206-2015,207-2015,96-2015,49-2015,208-2015,77-2015,209-2015,210-2015,211-2015,97-2015,78-2015,209-2016,218-2016,212-2016,216-2016,213-2016,219-2016,217-2016,210-2016,133-2016,104-2016,215-2016,214-2016,211-2016,208-2016,67-2016,18-2016,207-2016,69-2016,131-2016,132-2016,2-2016,15-2016,16-2016,206-2016,205-2016,19-2016,103-2016,102-2016,66-2016,204-2016,101-2016,107-2016,203-2016,65-2016,202-2016,100-2016,201-2016,64-2016,68-2016,130-2016,200-2016,199-2016,1-2016,99-2016,198-2016,129-2016,63-2016,62-2016,196-2016,61-2016,98-2016,128-2016,195-2016,60-2016,81-2016,197-2016,59-2016,12-2016,134-2016,58-2016,192-2016,127-2016,97-2016,194-2016,191-2016,55-2016,193-2016,57-2016,96-2016,189-2016,126-2016,80-2016,56-2016,190-2016,54-2016,188-2016,95-2016,11-2016,125-2016,94-2016,124-2016,53-2016,79-2016,187-2016,83-2016,51-2016,183-2016,123-2016,52-2016,10-2016,182-2016,48-2016,186-2016,50-2016,185-2016,47-2016,82-2016,122-2016,49-2016,78-2016,181-2016,9-2016,137-2016,184-2016,46-2016,106-2016,175-2016,172-2016,17-2016,121-2016,77-2016,8-2016,42-2016,93-2016,178-2016,92-2016,180-2016,118-2016,91-2016,177-2016,179-2016,176-2016,45-2016,90-2016,120-2016,76-2016,5-2016,173-2016,44-2016,174-2016,20-2016,119-2016,163-2016,36-2016,43-2016,171-2016,117-2016,73-2016,168-2016,167-2016,6-2016,88-2016,166-2016,105-2016,162-2016,38-2016,165-2016,39-2016,164-2016,40-2016,170-2016,115-2016,41-2016,7-2016,169-2016,75-2016,34-2016,89-2016,160-2016,116-2016,161-2016,35-2016,74-2016,114-2016,37-2016,155-2016,4-2016,149-2016,135-2016,87-2016,159-2016,31-2016,113-2016,158-2016,154-2016,146-2016,32-2016,72-2016,157-2016,112-2016,30-2016,3-2016,156-2016,33-2016,23-2016,24-2016,109-2016,136-2016,153-2016,143-2016,27-2016,71-2016,13-2016,144-2016,29-2016,86-2016,110-2016,151-2016,152-2016,150-2016,26-2016,111-2016,147-2016,145-2016,28-2016,148-2016,139-2016,25-2016,138-2016,108-2016,21-2016,85-2016,22-2016,141-2016,140-2016,70-2016,14-2016,142-2016,84-2016,50-2017,51-2017,102-2017,103-2017,104-2017,105-2017,106-2017,52-2017,107-2017,108-2017,109-2017,110-2017,111-2017,112-2017,113-2017,53-2017,8-2017,114-2017,9-2017,115-2017,10-2017,11-2017,116-2017,65-2017,117-2017,66-2017,118-2017,119-2017,12-2017,67-2017,120-2017,54-2017,121-2017,13-2017,122-2017,68-2017,123-2017,69-2017,14-2017,124-2017,125-2017,126-2017,127-2017,55-2017,70-2017,128-2017,71-2017,129-2017,15-2017,130-2017,72-2017,131-2017,16-2017,132-2017,133-2017,134-2017,73-2017,135-2017,56-2017,136-2017,17-2017,18-2017,137-2017,19-2017,138-2017,139-2017,74-2017,57-2017,140-2017,141-2017,20-2017,142-2017,75-2017,21-2017,143-2017,144-2017,22-2017,145-2017,23-2017,146-2017,76-2017,147-2017,1-2017,77-2017,148-2017,149-2017,24-2017,78-2017,25-2017,150-2017,26-2017,151-2017,152-2017,27-2017,153-2017,79-2017,154-2017,28-2017,2-2017,58-2017,29-2017,155-2017,30-2017,156-2017,80-2017,81-2017,157-2017,158-2017,31-2017,32-2017,82-2017,159-2017,59-2017,160-2017,33-2017,3-2017,161-2017,162-2017,163-2017,164-2017,60-2017,165-2017,83-2017,166-2017,167-2017,4-2017,168-2017,84-2017,169-2017,170-2017,171-2017,85-2017,172-2017,173-2017,61-2017,174-2017,5-2017,86-2017,175-2017,87-2017,176-2017,177-2017,34-2017,178-2017,35-2017,88-2017,179-2017,62-2017,6-2017,180-2017,36-2017,89-2017,181-2017,90-2017,37-2017,182-2017,183-2017,184-2017,185-2017,38-2017,186-2017,39-2017,187-2017,40-2017,188-2017,189-2017,63-2017,190-2017,41-2017,191-2017,91-2017,42-2017,192-2017,193-2017,92-2017,194-2017,43-2017,7-2017,195-2017,196-2017,44-2017,197-2017,198-2017,199-2017,93-2017,45-2017,200-2017,46-2017,201-2017,94-2017,202-2017,47-2017,203-2017,204-2017,48-2017,205-2017,64-2017,206-2017,49-2017,95-2017,207-2017,208-2017,209-2017,210-2017,211-2017,96-2017,212-2017,97-2017,213-2017,214-2017,215-2017,216-2017,217-2017,98-2017,218-2017,219-2017,220-2017,99-2017,221-2017,222-2017,223-2017,224-2017,225-2017,100-2017,226-2017,101-2017
KegonsaPier4,KegonsaPier7,KegonsaPier3,KegonsaPier7,KegonsaPier7,KegonsaPier7,KegonsaPier7,KegonsaPier7,KegonsaPier7,KegonsaPier1,KegonsaPier7,KegonsaPier6,KegonsaPier1,KegonsaPier7,KegonsaPier4,KegonsaPier7,KegonsaPier4,KegonsaPier7,KegonsaPier4,KegonsaPier7,KegonsaPier3,KegonsaPier7,KegonsaPier1,KegonsaPier4,KegonsaPier7,KegonsaPier6,KegonsaPier1,KegonsaPier3,KegonsaPier7,KegonsaPier1,KegonsaPier7,KegonsaPier1,KegonsaPier7,KegonsaPier4,KegonsaPier1,KegonsaPier7,KegonsaPier7,KegonsaPier1,KegonsaPier7,KegonsaPier4,KegonsaPier7,KegonsaPier6,KegonsaPier3,KegonsaPier1,KegonsaPier7,KegonsaPier7,KegonsaPier4,KegonsaPier1,KegonsaPier7,KegonsaPier4,KegonsaPier7,KegonsaPier1,KegonsaPier7,KegonsaPier7,KegonsaPier4,KegonsaPier7,KegonsaPier6,KegonsaPier7,KegonsaPier1,KegonsaPier7,KegonsaPier4,KegonsaPier7,KegonsaPier4,KegonsaPier7,KegonsaPier3,KegonsaPier7,KegonsaPier7,KegonsaPier7,KegonsaPier6,KegonsaPier7,KegonsaPier7,KegonsaPier3,KegonsaPier4,KegonsaPier7,KegonsaPier7,KegonsaPier7,KegonsaPier7,KegonsaPier4,KegonsaPier7,KegonsaPier6,KegonsaPier1,KegonsaPier3,KegonsaPier7,KegonsaPier1,KegonsaPier7,KegonsaPier1,KegonsaPier7,KegonsaPier1,KegonsaPier7,KegonsaPier7,KegonsaPier1,KegonsaPier7,KegonsaPier7,KegonsaPier6,KegonsaPier1,KegonsaPier7,KegonsaPier7,KegonsaPier1,KegonsaPier7,KegonsaPier7,KegonsaPier7,KegonsaPier4,KegonsaPier7,KegonsaPier7,KegonsaPier6,KegonsaPier1,KegonsaPier7,KegonsaPier7,KegonsaPier1,KegonsaPier7,KegonsaPier7,KegonsaPier3,KegonsaPier7,KegonsaPier1,KegonsaPier7,KegonsaPier7,KegonsaPier6,KegonsaPier1,KegonsaPier4,KegonsaPier7,KegonsaPier7,KegonsaPier1,KegonsaPier4,KegonsaPier7,KegonsaPier4,KegonsaPier7,KegonsaPier7,KegonsaPier4,KegonsaPier7,KegonsaPier7,KegonsaPier3,KegonsaPier7,KegonsaPier6,KegonsaPier1,KegonsaPier4,KegonsaPier7,KegonsaPier6,KegonsaPier7,KegonsaPier1,KegonsaPier6,KegonsaPier7,KegonsaPier7,KegonsaPier1,KegonsaPier7,KegonsaPier7,KegonsaPier6,KegonsaPier3,KegonsaPier4,KegonsaPier1,KegonsaPier4,KegonsaPier7,KegonsaPier7,KegonsaPier7,KegonsaPier7,KegonsaPier7,KegonsaPier6,KegonsaPier3,KegonsaPier7,KegonsaPier4,KegonsaPier7,KegonsaPier7,KegonsaPier7,KegonsaPier7,KegonsaPier7,KegonsaPier4,KegonsaPier7,KegonsaPier6,KegonsaPier7,KegonsaPier1,KegonsaPier3,KegonsaPier4,KegonsaPier7,KegonsaPier7,KegonsaPier1,KegonsaPier7,KegonsaPier7,KegonsaPier1,KegonsaPier7,KegonsaPier4,KegonsaPier7,KegonsaPier6,KegonsaPier3,KegonsaPier7,KegonsaPier7,KegonsaPier7,KegonsaPier1,KegonsaPier7,KegonsaPier7,KegonsaPier1,KegonsaPier7,KegonsaPier7,KegonsaPier6,KegonsaPier3,KegonsaPier7,KegonsaPier1,KegonsaPier7,KegonsaPier4,KegonsaPier7,KegonsaPier7,KegonsaPier7,KegonsaPier7,KegonsaPier7,KegonsaPier6,KegonsaPier3,KegonsaPier7,KegonsaPier4,KegonsaPier7,KegonsaPier7,KegonsaPier7,KegonsaPier6,KegonsaPier4,KegonsaPier7,KegonsaPier7,KegonsaPier7,KegonsaPier7,KegonsaPier7,KegonsaPier7,KegonsaPier7,KegonsaPier7,KegonsaPier7,KegonsaPier4,KegonsaPier7,KegonsaPier7,KegonsaPier7,KegonsaPier7,KegonsaPier1,KegonsaPier1,KegonsaPier7,KegonsaPier3,KegonsaPier6,KegonsaPier6,KegonsaBeach2,KegonsaPier1,KegonsaPier1,KegonsaPier7,KegonsaPier7,KegonsaPier1,KegonsaPier4,KegonsaPier4,KegonsaPier1,KegonsaPier7,KegonsaPier4,KegonsaPier6,KegonsaPier7,KegonsaPier1,KegonsaPier7,KegonsaPier4,KegonsaPier7,KegonsaPier1,KegonsaPier3,KegonsaPier6,KegonsaPier7,KegonsaPier7,KegonsaBeach2,KegonsaPier4,KegonsaPier7,KegonsaPier6,KegonsaPier1,KegonsaPier1,KegonsaPier7,KegonsaPier1,KegonsaPier4,KegonsaPier6,KegonsaPier7,KegonsaPier1,KegonsaPier3,KegonsaPier7,KegonsaPier1,KegonsaBeach2,KegonsaPier7,KegonsaPier1,KegonsaPier7,KegonsaPier6,KegonsaPier4,KegonsaPier7,KegonsaPier7,KegonsaPier1,KegonsaPier7,KegonsaPier1,KegonsaPier4,KegonsaPier7,KegonsaPier6,KegonsaPier3,KegonsaPier1,KegonsaPier7,KegonsaPier1,KegonsaPier7,KegonsaPier4,KegonsaBeach2,KegonsaPier6,KegonsaPier4,KegonsaPier6,KegonsaPier1,KegonsaPier3,KegonsaPier7,KegonsaPier4,KegonsaPier1,KegonsaPier7,KegonsaPier6,KegonsaPier1,KegonsaBeach2,KegonsaPier7,KegonsaPier1,KegonsaPier7,KegonsaPier1,KegonsaPier7,KegonsaPier1,KegonsaPier4,KegonsaPier6,KegonsaPier1,KegonsaPier3,KegonsaPier7,KegonsaBeach2,KegonsaPier7,KegonsaPier7,KegonsaPier1,KegonsaPier6,KegonsaPier7,KegonsaPier7,KegonsaPier1,KegonsaPier6,KegonsaPier3,KegonsaBeach2,KegonsaPier1,KegonsaPier4,KegonsaPier7,KegonsaPier4,KegonsaPier7,KegonsaPier6,KegonsaPier4,KegonsaPier7,KegonsaPier7,KegonsaPier7,KegonsaPier1,KegonsaPier4,KegonsaPier6,KegonsaPier3,KegonsaBeach2,KegonsaPier7,KegonsaPier1,KegonsaPier7,KegonsaPier1,KegonsaPier6,KegonsaPier7,KegonsaPier1,KegonsaPier1,KegonsaPier7,KegonsaPier6,KegonsaPier3,KegonsaPier7,KegonsaPier7,KegonsaBeach2,KegonsaPier4,KegonsaPier7,KegonsaPier6,KegonsaPier7,KegonsaPier1,KegonsaPier7,KegonsaPier1,KegonsaPier7,KegonsaPier1,KegonsaPier7,KegonsaPier6,KegonsaPier1,KegonsaBeach2,KegonsaPier7,KegonsaPier3,KegonsaPier1,KegonsaPier4,KegonsaPier7,KegonsaPier6,KegonsaPier7,KegonsaPier1,KegonsaPier3,KegonsaPier6,KegonsaPier1,KegonsaPier7,KegonsaBeach2,KegonsaPier7,KegonsaPier7,KegonsaPier4,KegonsaPier7,KegonsaPier1,KegonsaPier6,KegonsaPier7,KegonsaPier7,KegonsaPier7,KegonsaPier1,KegonsaPier3,KegonsaPier7,KegonsaPier6,KegonsaPier1,KegonsaBeach2,KegonsaPier7,KegonsaPier1,KegonsaPier1,KegonsaPier1,KegonsaPier6,KegonsaPier7,KegonsaPier7,KegonsaPier7,KegonsaPier1,KegonsaPier3,KegonsaBeach2,KegonsaPier7,KegonsaPier1,KegonsaPier4,KegonsaPier6,KegonsaPier7,KegonsaPier7,KegonsaPier7,KegonsaPier1,KegonsaPier6,KegonsaPier7,KegonsaPier7,KegonsaPier1,KegonsaPier7,KegonsaPier7,KegonsaPier1,KegonsaPier7,KegonsaPier6,KegonsaPier1,KegonsaPier4,KegonsaPier1,KegonsaPier7,KegonsaPier7,KegonsaPier3,KegonsaPier1,KegonsaPier7,KegonsaPier4,KegonsaPier3,KegonsaPier3,KegonsaPier7,KegonsaPier7,KegonsaPier7,KegonsaPier7,KegonsaPier7,KegonsaPier3,KegonsaPier7,KegonsaPier7,KegonsaPier7,KegonsaPier7,KegonsaPier7,KegonsaPier7,KegonsaPier7,KegonsaPier3,KegonsaPier1,KegonsaPier7,KegonsaPier1,KegonsaPier7,KegonsaPier1,KegonsaPier1,KegonsaPier7,KegonsaPier4,KegonsaPier7,KegonsaPier4,KegonsaPier7,KegonsaPier7,KegonsaPier1,KegonsaPier4,KegonsaPier7,KegonsaPier3,KegonsaPier7,KegonsaPier1,KegonsaPier7,KegonsaPier4,KegonsaPier7,KegonsaPier4,KegonsaPier1,KegonsaPier7,KegonsaPier7,KegonsaPier7,KegonsaPier7,KegonsaPier3,KegonsaPier4,KegonsaPier7,KegonsaPier4,KegonsaPier7,KegonsaPier1,KegonsaPier7,KegonsaPier4,KegonsaPier7,KegonsaPier1,KegonsaPier7,KegonsaPier7,KegonsaPier7,KegonsaPier4,KegonsaPier7,KegonsaPier3,KegonsaPier7,KegonsaPier1,KegonsaPier1,KegonsaPier7,KegonsaPier1,KegonsaPier7,KegonsaPier7,KegonsaPier4,KegonsaPier3,KegonsaPier7,KegonsaPier7,KegonsaPier1,KegonsaPier7,KegonsaPier4,KegonsaPier1,KegonsaPier7,KegonsaPier7,KegonsaPier1,KegonsaPier7,KegonsaPier1,KegonsaPier7,KegonsaPier4,KegonsaPier7,KegonsaBeach2,KegonsaPier4,KegonsaPier7,KegonsaPier7,KegonsaPier1,KegonsaPier4,KegonsaPier1,KegonsaPier7,KegonsaPier1,KegonsaPier7,KegonsaPier7,KegonsaPier1,KegonsaPier7,KegonsaPier4,KegonsaPier7,KegonsaPier1,KegonsaBeach2,KegonsaPier3,KegonsaPier1,KegonsaPier7,KegonsaPier1,KegonsaPier7,KegonsaPier4,KegonsaPier4,KegonsaPier7,KegonsaPier7,KegonsaPier1,KegonsaPier1,KegonsaPier4,KegonsaPier7,KegonsaPier3,KegonsaPier7,KegonsaPier1,KegonsaBeach2,KegonsaPier7,KegonsaPier7,KegonsaPier7,KegonsaPier7,KegonsaPier3,KegonsaPier7,KegonsaPier4,KegonsaPier7,KegonsaPier7,KegonsaBeach2,KegonsaPier7,KegonsaPier4,KegonsaPier7,KegonsaPier7,KegonsaPier7,KegonsaPier4,KegonsaPier7,KegonsaPier7,KegonsaPier3,KegonsaPier7,KegonsaBeach2,KegonsaPier4,KegonsaPier7,KegonsaPier4,KegonsaPier7,KegonsaPier7,KegonsaPier1,KegonsaPier7,KegonsaPier1,KegonsaPier4,KegonsaPier7,KegonsaPier3,KegonsaBeach2,KegonsaPier7,KegonsaPier1,KegonsaPier4,KegonsaPier7,KegonsaPier4,KegonsaPier1,KegonsaPier7,KegonsaPier7,KegonsaPier7,KegonsaPier7,KegonsaPier1,KegonsaPier7,KegonsaPier1,KegonsaPier7,KegonsaPier1,KegonsaPier7,KegonsaPier7,KegonsaPier3,KegonsaPier7,KegonsaPier1,KegonsaPier7,KegonsaPier4,KegonsaPier1,KegonsaPier7,KegonsaPier7,KegonsaPier4,KegonsaPier7,KegonsaPier1,KegonsaBeach2,KegonsaPier7,KegonsaPier7,KegonsaPier1,KegonsaPier7,KegonsaPier7,KegonsaPier7,KegonsaPier4,KegonsaPier1,KegonsaPier7,KegonsaPier1,KegonsaPier7,KegonsaPier4,KegonsaPier7,KegonsaPier1,KegonsaPier7,KegonsaPier7,KegonsaPier1,KegonsaPier7,KegonsaPier3,KegonsaPier7,KegonsaPier1,KegonsaPier4,KegonsaPier7,KegonsaPier7,KegonsaPier7,KegonsaPier7,KegonsaPier7,KegonsaPier4,KegonsaPier7,KegonsaPier4,KegonsaPier7,KegonsaPier7,KegonsaPier7,KegonsaPier7,KegonsaPier7,KegonsaPier4,KegonsaPier7,KegonsaPier7,KegonsaPier7,KegonsaPier4,KegonsaPier7,KegonsaPier7,KegonsaPier7,KegonsaPier7,KegonsaPier7,KegonsaPier4,KegonsaPier7,KegonsaPier4
Kegonsa,Kegonsa,Kegonsa,Kegonsa,Kegonsa,Kegonsa,Kegonsa,Kegonsa,Kegonsa,Kegonsa,Kegonsa,Kegonsa,Kegonsa,Kegonsa,Kegonsa,Kegonsa,Kegonsa,Kegonsa,Kegonsa,Kegonsa,Kegonsa,Kegonsa,Kegonsa,Kegonsa,Kegonsa,Kegonsa,Kegonsa,Kegonsa,Kegonsa,Kegonsa,Kegonsa,Kegonsa,Kegonsa,Kegonsa,Kegonsa,Kegonsa,Kegonsa,Kegonsa,Kegonsa,Kegonsa,Kegonsa,Kegonsa,Kegonsa,Kegonsa,Kegonsa,Kegonsa,Kegonsa,Kegonsa,Kegonsa,Kegonsa,Kegonsa,Kegonsa,Kegonsa,Kegonsa,Kegonsa,Kegonsa,Kegonsa,Kegonsa,Kegonsa,Kegonsa,Kegonsa,Kegonsa,Kegonsa,Kegonsa,Kegonsa,Kegonsa,Kegonsa,Kegonsa,Kegonsa,Kegonsa,Kegonsa,Kegonsa,Kegonsa,Kegonsa,Kegonsa,Kegonsa,Kegonsa,Kegonsa,Kegonsa,Kegonsa,Kegonsa,Kegonsa,Kegonsa,Kegonsa,Kegonsa,Kegonsa,Kegonsa,Kegonsa,Kegonsa,Kegonsa,Kegonsa,Kegonsa,Kegonsa,Kegonsa,Kegonsa,Kegonsa,Kegonsa,Kegonsa,Kegonsa,Kegonsa,Kegonsa,Kegonsa,Kegonsa,Kegonsa,Kegonsa,Kegonsa,Kegonsa,Kegonsa,Kegonsa,Kegonsa,Kegonsa,Kegonsa,Kegonsa,Kegonsa,Kegonsa,Kegonsa,Kegonsa,Kegonsa,Kegonsa,Kegonsa,Kegonsa,Kegonsa,Kegonsa,Kegonsa,Kegonsa,Kegonsa,Kegonsa,Kegonsa,Kegonsa,Kegonsa,Kegonsa,Kegonsa,Kegonsa,Kegonsa,Kegonsa,Kegonsa,Kegonsa,Kegonsa,Kegonsa,Kegonsa,Kegonsa,Kegonsa,Kegonsa,Kegonsa,Kegonsa,Kegonsa,Kegonsa,Kegonsa,Kegonsa,Kegonsa,Kegonsa,Kegonsa,Kegonsa,Kegonsa,Kegonsa,Kegonsa,Kegonsa,Kegonsa,Kegonsa,Kegonsa,Kegonsa,Kegonsa,Kegonsa,Kegonsa,Kegonsa,Kegonsa,Kegonsa,Kegonsa,Kegonsa,Kegonsa,Kegonsa,Kegonsa,Kegonsa,Kegonsa,Kegonsa,Kegonsa,Kegonsa,Kegonsa,Kegonsa,Kegonsa,Kegonsa,Kegonsa,Kegonsa,Kegonsa,Kegonsa,Kegonsa,Kegonsa,Kegonsa,Kegonsa,Kegonsa,Kegonsa,Kegonsa,Kegonsa,Kegonsa,Kegonsa,Kegonsa,Kegonsa,Kegonsa,Kegonsa,Kegonsa,Kegonsa,Kegonsa,Kegonsa,Kegonsa,Kegonsa,Kegonsa,Kegonsa,Kegonsa,Kegonsa,Kegonsa,Kegonsa,Kegonsa,Kegonsa,Kegonsa,Kegonsa,Kegonsa,Kegonsa,Kegonsa,Kegonsa,Kegonsa,Kegonsa,Kegonsa,Kegonsa,Kegonsa,Kegonsa,Kegonsa,Kegonsa,Kegonsa,Kegonsa,Kegonsa,Kegonsa,Kegonsa,Kegonsa,Kegonsa,Kegonsa,Kegonsa,Kegonsa,Kegonsa,Kegonsa,Kegonsa,Kegonsa,Kegonsa,Kegonsa,Kegonsa,Kegonsa,Kegonsa,Kegonsa,Kegonsa,Kegonsa,Kegonsa,Kegonsa,Kegonsa,Kegonsa,Kegonsa,Kegonsa,Kegonsa,Kegonsa,Kegonsa,Kegonsa,Kegonsa,Kegonsa,Kegonsa,Kegonsa,Kegonsa,Kegonsa,Kegonsa,Kegonsa,Kegonsa,Kegonsa,Kegonsa,Kegonsa,Kegonsa,Kegonsa,Kegonsa,Kegonsa,Kegonsa,Kegonsa,Kegonsa,Kegonsa,Kegonsa,Kegonsa,Kegonsa,Kegonsa,Kegonsa,Kegonsa,Kegonsa,Kegonsa,Kegonsa,Kegonsa,Kegonsa,Kegonsa,Kegonsa,Kegonsa,Kegonsa,Kegonsa,Kegonsa,Kegonsa,Kegonsa,Kegonsa,Kegonsa,Kegonsa,Kegonsa,Kegonsa,Kegonsa,Kegonsa,Kegonsa,Kegonsa,Kegonsa,Kegonsa,Kegonsa,Kegonsa,Kegonsa,Kegonsa,Kegonsa,Kegonsa,Kegonsa,Kegonsa,Kegonsa,Kegonsa,Kegonsa,Kegonsa,Kegonsa,Kegonsa,Kegonsa,Kegonsa,Kegonsa,Kegonsa,Kegonsa,Kegonsa,Kegonsa,Kegonsa,Kegonsa,Kegonsa,Kegonsa,Kegonsa,Kegonsa,Kegonsa,Kegonsa,Kegonsa,Kegonsa,Kegonsa,Kegonsa,Kegonsa,Kegonsa,Kegonsa,Kegonsa,Kegonsa,Kegonsa,Kegonsa,Kegonsa,Kegonsa,Kegonsa,Kegonsa,Kegonsa,Kegonsa,Kegonsa,Kegonsa,Kegonsa,Kegonsa,Kegonsa,Kegonsa,Kegonsa,Kegonsa,Kegonsa,Kegonsa,Kegonsa,Kegonsa,Kegonsa,Kegonsa,Kegonsa,Kegonsa,Kegonsa,Kegonsa,Kegonsa,Kegonsa,Kegonsa,Kegonsa,Kegonsa,Kegonsa,Kegonsa,Kegonsa,Kegonsa,Kegonsa,Kegonsa,Kegonsa,Kegonsa,Kegonsa,Kegonsa,Kegonsa,Kegonsa,Kegonsa,Kegonsa,Kegonsa,Kegonsa,Kegonsa,Kegonsa,Kegonsa,Kegonsa,Kegonsa,Kegonsa,Kegonsa,Kegonsa,Kegonsa,Kegonsa,Kegonsa,Kegonsa,Kegonsa,Kegonsa,Kegonsa,Kegonsa,Kegonsa,Kegonsa,Kegonsa,Kegonsa,Kegonsa,Kegonsa,Kegonsa,Kegonsa,Kegonsa,Kegonsa,Kegonsa,Kegonsa,Kegonsa,Kegonsa,Kegonsa,Kegonsa,Kegonsa,Kegonsa,Kegonsa,Kegonsa,Kegonsa,Kegonsa,Kegonsa,Kegonsa,Kegonsa,Kegonsa,Kegonsa,Kegonsa,Kegonsa,Kegonsa,Kegonsa,Kegonsa,Kegonsa,Kegonsa,Kegonsa,Kegonsa,Kegonsa,Kegonsa,Kegonsa,Kegonsa,Kegonsa,Kegonsa,Kegonsa,Kegonsa,Kegonsa,Kegonsa,Kegonsa,Kegonsa,Kegonsa,Kegonsa,Kegonsa,Kegonsa,Kegonsa,Kegonsa,Kegonsa,Kegonsa,Kegonsa,Kegonsa,Kegonsa,Kegonsa,Kegonsa,Kegonsa,Kegonsa,Kegonsa,Kegonsa,Kegonsa,Kegonsa,Kegonsa,Kegonsa,Kegonsa,Kegonsa,Kegonsa,Kegonsa,Kegonsa,Kegonsa,Kegonsa,Kegonsa,Kegonsa,Kegonsa,Kegonsa,Kegonsa,Kegonsa,Kegonsa,Kegonsa,Kegonsa,Kegonsa,Kegonsa,Kegonsa,Kegonsa,Kegonsa,Kegonsa,Kegonsa,Kegonsa,Kegonsa,Kegonsa,Kegonsa,Kegonsa,Kegonsa,Kegonsa,Kegonsa,Kegonsa,Kegonsa,Kegonsa,Kegonsa,Kegonsa,Kegonsa,Kegonsa,Kegonsa,Kegonsa,Kegonsa,Kegonsa,Kegonsa,Kegonsa,Kegonsa,Kegonsa,Kegonsa,Kegonsa,Kegonsa,Kegonsa,Kegonsa,Kegonsa,Kegonsa,Kegonsa,Kegonsa,Kegonsa,Kegonsa,Kegonsa,Kegonsa,Kegonsa,Kegonsa,Kegonsa,Kegonsa,Kegonsa,Kegonsa,Kegonsa,Kegonsa,Kegonsa,Kegonsa,Kegonsa,Kegonsa,Kegonsa,Kegonsa,Kegonsa,Kegonsa,Kegonsa,Kegonsa,Kegonsa,Kegonsa,Kegonsa,Kegonsa,Kegonsa,Kegonsa,Kegonsa,Kegonsa,Kegonsa,Kegonsa,Kegonsa,Kegonsa,Kegonsa,Kegonsa,Kegonsa,Kegonsa,Kegonsa,Kegonsa,Kegonsa,Kegonsa,Kegonsa,Kegonsa,Kegonsa,Kegonsa,Kegonsa,Kegonsa,Kegonsa,Kegonsa,Kegonsa,Kegonsa,Kegonsa,Kegonsa,Kegonsa,Kegonsa,Kegonsa,Kegonsa,Kegonsa,Kegonsa,Kegonsa,Kegonsa,Kegonsa,Kegonsa,Kegonsa,Kegonsa,Kegonsa,Kegonsa,Kegonsa,Kegonsa,Kegonsa,Kegonsa,Kegonsa,Kegonsa,Kegonsa,Kegonsa,Kegonsa,Kegonsa,Kegonsa,Kegonsa,Kegonsa,Kegonsa,Kegonsa,Kegonsa,Kegonsa,Kegonsa,Kegonsa,Kegonsa,Kegonsa,Kegonsa,Kegonsa,Kegonsa,Kegonsa,Kegonsa,Kegonsa,Kegonsa,Kegonsa,Kegonsa,Kegonsa,Kegonsa,Kegonsa,Kegonsa,Kegonsa,Kegonsa,Kegonsa,Kegonsa,Kegonsa,Kegonsa,Kegonsa,Kegonsa,Kegonsa,Kegonsa,Kegonsa,Kegonsa,Kegonsa,Kegonsa,Kegonsa,Kegonsa,Kegonsa,Kegonsa,Kegonsa,Kegonsa
5/13/15,5/14/15,5/14/15,5/15/15,5/16/15,5/17/15,5/18/15,5/19/15,5/20/15,5/20/15,5/21/15,5/21/15,5/21/15,5/22/15,5/22/15,5/23/15,5/23/15,5/24/15,5/25/15,5/26/15,5/26/15,5/27/15,5/27/15,5/27/15,5/28/15,5/28/15,5/28/15,5/28/15,5/29/15,5/29/15,5/30/15,5/30/15,5/31/15,5/31/15,5/31/15,6/1/15,6/2/15,6/2/15,6/3/15,6/3/15,6/4/15,6/4/15,6/4/15,6/4/15,6/5/15,6/6/15,6/6/15,6/6/15,6/7/15,6/7/15,6/8/15,6/8/15,6/9/15,6/10/15,6/10/15,6/11/15,6/11/15,6/12/15,6/12/15,6/13/15,6/13/15,6/14/15,6/14/15,6/15/15,6/15/15,6/16/15,6/17/15,6/18/15,6/18/15,6/19/15,6/20/15,6/20/15,6/20/15,6/21/15,6/22/15,6/23/15,6/24/15,6/24/15,6/25/15,6/25/15,6/25/15,6/25/15,6/26/15,6/26/15,6/27/15,6/27/15,6/28/15,6/28/15,6/29/15,6/30/15,6/30/15,7/1/15,7/2/15,7/2/15,7/2/15,7/3/15,7/4/15,7/4/15,7/5/15,7/6/15,7/7/15,7/7/15,7/8/15,7/9/15,7/9/15,7/9/15,7/10/15,7/11/15,7/12/15,7/12/15,7/13/15,7/13/15,7/14/15,7/14/15,7/15/15,7/16/15,7/16/15,7/16/15,7/16/15,7/17/15,7/18/15,7/18/15,7/18/15,7/19/15,7/19/15,7/20/15,7/21/15,7/21/15,7/22/15,7/23/15,7/23/15,7/24/15,7/24/15,7/24/15,7/24/15,7/25/15,7/25/15,7/26/15,7/26/15,7/26/15,7/27/15,7/28/15,7/28/15,7/29/15,7/30/15,7/30/15,7/30/15,7/31/15,7/31/15,8/1/15,8/2/15,8/3/15,8/4/15,8/5/15,8/6/15,8/6/15,8/6/15,8/7/15,8/7/15,8/8/15,8/9/15,8/10/15,8/11/15,8/12/15,8/12/15,8/13/15,8/13/15,8/14/15,8/14/15,8/14/15,8/14/15,8/15/15,8/16/15,8/16/15,8/17/15,8/18/15,8/18/15,8/19/15,8/19/15,8/20/15,8/20/15,8/20/15,8/21/15,8/22/15,8/23/15,8/23/15,8/24/15,8/25/15,8/25/15,8/26/15,8/27/15,8/27/15,8/27/15,8/28/15,8/28/15,8/29/15,8/29/15,8/30/15,8/31/15,9/1/15,9/2/15,9/3/15,9/3/15,9/3/15,9/4/15,9/4/15,9/5/15,9/6/15,9/7/15,9/7/15,9/9/15,5/6/16,5/9/16,5/11/16,5/12/16,5/16/16,5/18/16,5/19/16,5/20/16,5/21/16,5/21/16,5/22/16,5/23/16,5/24/16,5/25/16,5/25/16,5/26/16,5/26/16,5/26/16,5/26/16,5/26/16,5/26/16,5/27/16,5/27/16,5/27/16,5/28/16,5/28/16,5/28/16,5/29/16,5/29/16,5/30/16,5/30/16,5/30/16,5/31/16,5/31/16,6/1/16,6/1/16,6/2/16,6/2/16,6/2/16,6/2/16,6/3/16,6/4/16,6/4/16,6/4/16,6/5/16,6/5/16,6/5/16,6/6/16,6/8/16,6/8/16,6/8/16,6/9/16,6/9/16,6/9/16,6/9/16,6/10/16,6/10/16,6/11/16,6/11/16,6/11/16,6/12/16,6/12/16,6/12/16,6/13/16,6/14/16,6/14/16,6/15/16,6/15/16,6/15/16,6/16/16,6/16/16,6/16/16,6/16/16,6/17/16,6/17/16,6/18/16,6/18/16,6/18/16,6/19/16,6/21/16,6/23/16,6/23/16,6/24/16,6/25/16,6/25/16,6/25/16,6/26/16,6/26/16,6/26/16,6/26/16,6/27/16,6/27/16,6/28/16,6/28/16,6/29/16,6/29/16,6/29/16,6/30/16,6/30/16,6/30/16,6/30/16,6/30/16,7/1/16,7/2/16,7/3/16,7/3/16,7/4/16,7/6/16,7/7/16,7/7/16,7/7/16,7/7/16,7/8/16,7/8/16,7/9/16,7/9/16,7/10/16,7/10/16,7/10/16,7/11/16,7/12/16,7/13/16,7/13/16,7/13/16,7/14/16,7/14/16,7/14/16,7/15/16,7/15/16,7/16/16,7/16/16,7/17/16,7/20/16,7/20/16,7/20/16,7/21/16,7/21/16,7/21/16,7/22/16,7/23/16,7/23/16,7/24/16,7/24/16,7/24/16,7/25/16,7/25/16,7/26/16,7/26/16,7/27/16,7/27/16,7/28/16,7/28/16,7/28/16,7/28/16,7/29/16,7/29/16,7/29/16,7/30/16,7/31/16,7/31/16,8/1/16,8/2/16,8/4/16,8/4/16,8/4/16,8/4/16,8/4/16,8/5/16,8/6/16,8/6/16,8/7/16,8/7/16,8/7/16,8/8/16,8/9/16,8/10/16,8/10/16,8/11/16,8/11/16,8/11/16,8/11/16,8/11/16,8/12/16,8/12/16,8/13/16,8/14/16,8/14/16,8/16/16,8/17/16,8/18/16,8/18/16,8/18/16,8/19/16,8/22/16,8/22/16,8/22/16,8/22/16,8/23/16,8/24/16,8/25/16,8/25/16,8/25/16,8/27/16,8/28/16,8/28/16,8/29/16,8/30/16,8/31/16,9/1/16,9/1/16,9/1/16,9/1/16,9/2/16,9/2/16,9/6/16,9/8/16,9/8/16,9/9/16,9/12/16,5/4/17,5/11/17,5/13/17,5/15/17,5/16/17,5/17/17,5/18/17,5/18/17,5/19/17,5/20/17,5/21/17,5/22/17,5/23/17,5/24/17,5/25/17,5/25/17,5/25/17,5/26/17,5/26/17,5/27/17,5/27/17,5/28/17,5/28/17,5/28/17,5/29/17,5/29/17,5/30/17,5/31/17,5/31/17,5/31/17,6/1/17,6/1/17,6/2/17,6/3/17,6/3/17,6/3/17,6/4/17,6/4/17,6/4/17,6/5/17,6/6/17,6/7/17,6/8/17,6/8/17,6/8/17,6/9/17,6/10/17,6/10/17,6/11/17,6/11/17,6/11/17,6/12/17,6/12/17,6/13/17,6/13/17,6/14/17,6/14/17,6/15/17,6/15/17,6/16/17,6/16/17,6/17/17,6/18/17,6/19/17,6/19/17,6/20/17,6/21/17,6/22/17,6/22/17,6/23/17,6/23/17,6/24/17,6/24/17,6/25/17,6/25/17,6/26/17,6/26/17,6/27/17,6/27/17,6/28/17,6/28/17,6/29/17,6/29/17,6/29/17,6/30/17,7/1/17,7/1/17,7/1/17,7/2/17,7/2/17,7/3/17,7/3/17,7/4/17,7/4/17,7/5/17,7/5/17,7/6/17,7/6/17,7/6/17,7/6/17,7/7/17,7/7/17,7/8/17,7/8/17,7/8/17,7/9/17,7/9/17,7/10/17,7/10/17,7/11/17,7/12/17,7/13/17,7/13/17,7/14/17,7/14/17,7/14/17,7/15/17,7/16/17,7/17/17,7/18/17,7/18/17,7/19/17,7/19/17,7/20/17,7/21/17,7/21/17,7/22/17,7/22/17,7/23/17,7/24/17,7/25/17,7/25/17,7/26/17,7/27/17,7/27/17,7/28/17,7/28/17,7/29/17,7/29/17,7/29/17,7/30/17,7/31/17,7/31/17,8/1/17,8/1/17,8/2/17,8/3/17,8/3/17,8/4/17,8/5/17,8/5/17,8/5/17,8/6/17,8/6/17,8/7/17,8/7/17,8/8/17,8/9/17,8/10/17,8/10/17,8/11/17,8/11/17,8/12/17,8/13/17,8/13/17,8/14/17,8/14/17,8/15/17,8/15/17,8/16/17,8/16/17,8/17/17,8/17/17,8/18/17,8/18/17,8/19/17,8/19/17,8/19/17,8/20/17,8/21/17,8/21/17,8/22/17,8/23/17,8/24/17,8/24/17,8/25/17,8/26/17,8/26/17,8/27/17,8/27/17,8/28/17,8/29/17,8/29/17,8/30/17,8/30/17,8/31/17,9/1/17,9/1/17,9/1/17,9/3/17,9/5/17,9/6/17,9/7/17,9/8/17,9/9/17,9/9/17,9/10/17,9/10/17,9/12/17,9/13/17,9/14/17,9/15/17,9/16/17,9/16/17,9/19/17,9/20/17,9/21/17,9/23/17,9/26/17,9/27/17,9/28/17,9/29/17,9/30/17,9/30/17,10/1/17,10/7/17
19:11:00,8:50:00,10:05:00,8:53:00,8:55:00,8:19:00,8:20:00,8:41:00,7:50:00,11:45:00,8:18:00,9:20:00,11:15:00,8:08:00,17:10:00,8:19:00,17:23:00,8:12:00,9:27:00,8:35:00,10:00:00,8:44:00,11:00:00,17:40:00,8:16:00,9:05:00,11:28:00,15:15:00,8:02:00,12:15:00,8:13:00,15:15:00,9:26:00,11:23:00,14:00:00,8:26:00,8:30:00,13:15:00,7:54:00,16:49:00,8:15:00,9:40:00,10:30:00,12:15:00,8:01:00,7:56:00,12:13:00,13:15:00,8:07:00,15:40:00,7:59:00,11:23:00,8:21:00,6:50:00,18:47:00,8:10:00,9:40:00,9:05:00,11:30:00,8:49:00,17:00:00,8:24:00,14:12:00,8:51:00,10:45:00,8:08:00,7:24:00,7:14:00,9:50:00,8:22:00,8:12:00,10:00:00,14:34:00,8:56:00,8:07:00,8:32:00,8:59:00,17:49:00,9:17:00,9:19:00,10:47:00,15:45:00,8:46:00,14:30:00,7:57:00,13:05:00,11:00:00,13:00:00,9:07:00,8:17:00,10:30:00,8:16:00,7:16:00,8:15:00,11:04:00,8:12:00,8:33:00,10:29:00,9:01:00,8:04:00,8:43:00,17:39:00,9:04:00,8:50:00,10:09:00,12:31:00,8:09:00,8:50:00,10:51:00,11:41:00,8:20:00,10:30:00,8:32:00,13:30:00,8:57:00,8:29:00,9:40:00,12:33:00,18:24:00,6:47:00,9:09:00,13:45:00,15:00:00,6:57:00,16:35:00,8:42:00,9:10:00,17:40:00,8:51:00,8:10:00,19:30:00,8:52:00,8:55:00,11:07:00,15:24:00,8:55:00,16:47:00,8:57:00,10:45:00,14:00:00,8:21:00,8:44:00,10:39:00,8:23:00,7:07:00,12:00:00,13:25:00,10:38:00,10:53:00,20:38:00,14:37:00,8:12:00,8:19:00,8:52:00,8:40:00,9:41:00,16:30:00,8:51:00,17:33:00,8:41:00,8:34:00,8:48:00,8:24:00,8:19:00,18:35:00,7:13:00,8:00:00,8:29:00,11:23:00,12:50:00,14:03:00,8:59:00,9:02:00,11:20:00,8:00:00,8:57:00,13:17:00,9:11:00,18:40:00,8:46:00,9:45:00,11:30:00,7:31:00,8:04:00,9:29:00,13:22:00,8:20:00,9:07:00,15:59:00,8:06:00,7:11:00,8:15:00,11:50:00,7:01:00,11:16:00,7:43:00,14:37:00,8:46:00,8:12:00,8:01:00,8:09:00,7:21:00,9:15:00,9:40:00,8:33:00,11:16:00,8:12:00,8:21:00,9:06:00,14:10:00,17:09:00,14:11:00,8:20:00,10:50:00,9:47:00,8:35:00,8:20:00,9:48:00,9:14:00,8:45:00,16:11:00,8:05:00,8:25:00,8:40:00,8:55:00,9:25:00,8:30:00,8:40:00,8:50:00,9:22:00,9:22:00,18:30:00,11:00:00,11:00:00,13:56:00,9:03:00,10:45:00,11:20:00,9:40:00,9:45:00,7:59:00,8:28:00,11:40:00,7:50:00,10:45:00,8:18:00,17:25:00,7:22:00,10:00:00,10:55:00,15:00:00,8:20:00,9:48:00,11:00:00,15:31:00,9:48:00,10:15:00,11:26:00,13:00:00,9:45:00,12:30:00,19:12:00,8:20:00,8:40:00,10:00:00,13:50:00,8:35:00,13:15:00,7:19:00,8:57:00,10:03:00,8:50:00,10:00:00,13:40:00,9:53:00,9:10:00,13:45:00,10:23:00,10:36:00,16:17:00,7:00:00,7:05:00,9:45:00,10:15:00,9:12:00,10:45:00,8:30:00,16:07:00,18:33:00,9:30:00,17:06:00,8:35:00,14:49:00,9:10:00,8:50:00,11:54:00,14:00:00,9:47:00,10:30:00,14:15:00,18:31:00,8:31:00,13:23:00,10:33:00,13:30:00,10:13:00,13:00:00,16:59:00,8:20:00,9:00:00,9:15:00,9:58:00,18:37:00,9:55:00,10:31:00,9:00:00,11:15:00,8:53:00,8:21:00,9:00:00,10:35:00,14:05:00,20:14:00,9:30:00,14:47:00,8:14:00,13:38:00,8:14:00,10:10:00,16:30:00,8:36:00,10:58:00,9:44:00,12:50:00,17:08:00,8:45:00,11:00:00,12:53:00,8:37:00,10:10:00,9:07:00,10:00:00,10:15:00,7:50:00,10:00:00,10:00:00,8:53:00,9:55:00,11:30:00,8:56:00,9:12:00,12:56:00,8:50:00,9:26:00,10:05:00,9:15:00,13:00:00,9:36:00,14:30:00,8:36:00,13:00:00,7:09:00,10:05:00,15:15:00,19:47:00,7:51:00,10:00:00,11:00:00,13:58:00,10:03:00,10:20:00,9:19:00,13:15:00,6:45:00,8:30:00,9:54:00,17:51:00,18:42:00,8:21:00,9:11:00,9:25:00,9:45:00,10:15:00,15:00:00,9:42:00,9:19:00,8:52:00,15:15:00,9:04:00,9:05:00,10:10:00,10:30:00,18:45:00,9:34:00,14:30:00,11:40:00,10:30:00,10:45:00,9:25:00,9:38:00,8:53:00,11:15:00,11:50:00,16:30:00,9:29:00,10:45:00,14:05:00,17:26:00,8:20:00,9:24:00,9:20:00,9:30:00,9:45:00,8:52:00,9:53:00,12:25:00,9:02:00,9:53:00,13:45:00,8:32:00,9:45:00,11:15:00,15:50:00,11:00:00,14:01:00,9:01:00,9:00:00,10:45:00,9:18:00,16:23:00,9:50:00,9:55:00,10:10:00,9:01:00,8:20:00,11:19:00,9:04:00,9:07:00,8:42:00,8:55:00,9:38:00,12:30:00,8:10:00,8:19:00,7:08:00,11:54:00,13:10:00,7:43:00,14:00:00,8:33:00,11:51:00,9:00:00,9:31:00,18:30:00,7:18:00,11:29:00,8:24:00,8:48:00,11:00:00,18:10:00,8:44:00,10:50:00,9:35:00,11:30:00,12:45:00,19:06:00,7:40:00,8:10:00,10:00:00,8:36:00,16:42:00,8:28:00,7:28:00,10:20:00,19:15:00,8:30:00,7:46:00,8:47:00,8:00:00,8:42:00,9:01:00,8:08:00,10:00:00,9:45:00,9:45:00,10:17:00,18:17:00,8:28:00,9:45:00,9:11:00,9:30:00,11:33:00,8:06:00,7:30:00,14:16:00,8:24:00,17:38:00,14:05:00,18:19:00,7:10:00,9:00:00,9:20:00,17:03:00,10:30:00,11:28:00,9:32:00,9:40:00,8:20:00,10:40:00,10:13:00,17:46:00,8:59:00,10:48:00,17:38:00,10:25:00,9:19:00,9:30:00,12:50:00,9:30:00,9:45:00,9:45:00,10:45:00,8:51:00,9:45:00,9:34:00,15:38:00,7:11:00,8:00:00,11:09:00,13:35:00,8:56:00,9:45:00,8:38:00,9:19:00,20:15:00,9:48:00,10:06:00,7:58:00,10:00:00,9:45:00,18:24:00,8:12:00,8:55:00,8:16:00,10:00:00,13:11:00,8:47:00,9:02:00,8:39:00,9:01:00,11:20:00,14:32:00,18:16:00,8:34:00,9:30:00,11:01:00,8:48:00,16:22:00,9:51:00,8:49:00,9:59:00,18:45:00,8:36:00,8:03:00,8:45:00,9:08:00,9:26:00,7:30:00,9:26:00,19:51:00,9:27:00,8:36:00,9:28:00,8:41:00,9:50:00,18:25:00,8:46:00,15:30:00,17:21:00,8:58:00,9:30:00,11:42:00,9:24:00,11:11:00,8:30:00,8:35:00,8:37:00,8:49:00,8:27:00,9:15:00,8:49:00,9:16:00,9:16:00,10:30:00,13:30:00,8:45:00,11:10:00,8:47:00,9:15:00,8:58:00,17:04:00,9:15:00,13:43:00,7:55:00,13:38:00,9:32:00,11:00:00,13:07:00,8:17:00,8:44:00,9:00:00,8:39:00,9:13:00,10:15:00,11:40:00,9:02:00,8:31:00,10:14:00,8:32:00,9:34:00,8:54:00,8:15:00,8:41:00,8:33:00,9:00:00,8:34:00,7:00:00,7:06:00,9:00:00,18:59:00,9:33:00,9:15:00,8:47:00,8:13:00,8:21:00,17:41:00,9:35:00,13:11:00,8:53:00,8:46:00,14:12:00,8:29:00,9:15:00,16:14:00,8:55:00,7:54:00,8:54:00,17:11:00,8:24:00,8:20:00,8:34:00,8:49:00,7:46:00,15:12:00,8:32:00,13:43:00
1,1,1,1,1,1,1,1,2,1,1,1,2,1,2,1,2,1,2,1,2,1,1,1,1,1,2,1,1,2,1,2,1,1,2,1,1,2,1,1,1,1,1,1,1,1,1,1,1,1,1,2,1,1,3,1,2,1,1,2,1,2,3,1,2,1,2,1,1,1,2,3,1,2,3,1,3,1,2,2,2,1,1,2,1,1,1,1,1,1,3,1,1,1,2,1,1,2,1,1,1,1,1,3,2,2,1,1,1,1,1,2,1,1,1,3,2,1,1,1,2,0,1,1,1,1,1,1,2,1,2,2,1,1,1,1,1,2,1,1,2,2,1,1,1,1,1,1,1,2,1,1,1,2,1,1,3,1,1,1,3,3,1,3,2,1,1,1,1,1,2,1,1,1,1,2,1,1,1,1,1,1,1,2,1,1,1,1,1,1,1,1,1,1,1,1,2,1,1,1,1,1,1,1,1,2,1,1,1,1,2,1,1,1,1,1,1,1,1,2,3,2,1,1,2,1,1,2,2,1,0,1,1,1,2,1,1,2,2,1,1,2,1,1,1,1,1,1,1,2,1,1,1,1,1,1,1,1,1,1,2,1,1,1,1,2,1,1,1,1,1,1,1,1,1,1,1,1,1,1,1,1,1,1,1,1,1,2,1,1,1,1,1,3,1,1,1,1,1,1,1,1,1,1,1,2,2,3,3,1,1,2,1,1,1,1,1,1,1,1,1,1,1,1,1,1,1,1,1,1,1,1,1,1,1,1,1,1,1,1,1,2,1,1,1,1,1,1,1,1,1,1,1,1,1,1,2,2,2,1,2,1,1,2,1,1,1,2,1,1,1,2,1,1,1,1,1,1,1,1,1,2,1,1,1,1,1,1,1,1,1,1,1,1,1,2,2,1,1,1,1,1,1,1,2,1,1,1,2,1,1,1,1,2,2,1,2,1,1,1,1,1,1,1,1,1,3,1,2,1,1,3,1,1,1,1,1,1,1,1,1,1,1,1,1,1,1,1,1,1,1,2,3,1,1,1,1,1,1,1,2,3,2,1,2,1,2,1,1,1,2,2,1,3,1,1,1,1,1,1,1,1,2,2,2,1,1,1,2,1,1,1,1,1,1,1,1,1,1,1,1,1,1,1,1,1,1,1,1,1,1,1,1,1,1,2,1,1,1,1,1,1,2,1,2,2,2,3,3,2,1,2,1,2,1,1,1,2,1,3,1,1,1,1,1,1,1,1,2,2,2,1,1,2,2,2,2,2,1,2,2,1,1,1,2,1,1,2,1,1,1,2,1,2,1,1,2,1,1,2,2,2,2,3,1,1,2,2,2,1,1,1,1,3,1,1,2,1,2,2,1,1,1,1,1,3,1,3,2,2,1,1,1,2,2,1,2,1,2,2,1,2,1,2,2,1,2,1,1,1,1,1,2,2,2,1,2,1,2,2,1,1,1,1,1,1,1,2,2,1,2,1,1,1,1,1
0,0,0,0,0,0,0,0,2,0,0,0,2,0,2,0,2,0,2,0,2,0,0,0,0,0,2,0,0,2,0,2,0,0,2,0,0,2,0,0,0,0,0,0,0,0,0,0,0,0,0,2,0,0,2,0,1,0,0,2,0,2,1,0,2,0,2,0,0,0,2,2,0,2,2,0,2,0,2,2,2,0,0,2,0,0,0,0,0,0,2,0,0,0,2,0,0,2,0,0,0,0,0,2,2,2,0,0,0,0,0,2,0,0,0,2,2,0,0,0,2,0,0,0,0,0,0,0,2,0,2,2,0,0,0,0,0,2,0,0,2,2,0,0,0,0,0,0,0,1,0,0,0,2,0,0,2,0,0,0,2,2,0,2,1,0,0,0,0,0,2,0,0,0,0,2,0,0,0,0,0,0,0,2,0,0,0,0,0,0,0,0,0,0,0,0,1,0,0,0,0,0,0,0,0,1,0,0,0,0,1,0,0,0,0,0,0,0,0,2,2,2,0,0,2,0,0,2,2,0,0,0,0,0,2,0,0,2,2,0,0,2,0,0,0,0,0,0,0,2,0,0,0,0,0,0,0,0,0,0,2,0,0,0,0,2,0,0,0,0,0,0,0,0,0,0,0,0,0,0,0,0,0,0,0,0,0,1,0,0,0,0,0,2,0,0,0,0,0,0,0,0,0,0,0,2,2,1,1,0,0,1,0,0,0,0,0,0,0,0,0,0,0,0,0,0,0,0,0,0,0,0,0,0,0,0,0,0,0,0,0,2,0,0,0,0,0,0,0,0,0,0,0,0,0,0,2,2,2,0,2,0,0,2,0,0,0,2,0,0,0,2,0,0,0,0,0,0,0,0,0,2,0,0,0,0,0,0,0,0,0,0,0,0,0,2,2,0,0,0,0,0,0,0,2,0,0,0,2,0,0,0,0,2,2,0,2,0,0,0,0,0,0,0,0,0,2,0,2,0,0,2,0,0,0,0,0,0,0,0,0,0,0,0,0,0,0,0,0,0,0,2,2,0,0,0,0,0,0,0,2,2,2,0,2,0,2,0,0,0,2,2,0,2,0,0,0,0,0,0,0,0,2,2,2,0,0,0,2,0,0,0,0,0,0,0,0,0,0,0,0,0,0,0,0,0,0,0,0,0,0,0,0,0,0,2,0,0,0,0,0,0,2,0,2,2,2,2,1,2,0,2,0,2,0,0,0,2,0,2,0,0,0,0,0,0,0,0,2,2,2,0,0,2,2,2,2,1,0,2,2,0,0,0,2,0,0,1,0,0,0,2,0,2,0,0,2,0,0,2,2,1,2,1,0,0,2,2,2,0,0,0,0,2,0,0,2,0,2,2,0,0,0,0,0,2,0,1,2,2,0,0,0,2,1,0,2,0,2,1,0,2,0,2,0,0,2,0,0,0,0,0,2,2,2,0,2,0,2,2,0,0,0,0,0,0,0,2,2,0,2,0,0,0,0,0
1,1,1,1,1,1,1,1,1,1,1,1,1,1,1,1,1,1,1,1,1,1,1,1,1,1,1,1,1,1,1,1,1,1,1,1,1,1,1,1,1,1,1,1,1,1,1,1,1,1,1,1,1,1,1,1,1,1,1,1,1,1,1,1,1,1,1,1,1,1,1,1,1,1,1,1,1,1,1,1,1,1,1,1,1,1,1,1,1,1,1,1,1,1,1,1,1,1,1,1,1,1,1,1,1,1,1,1,1,2,1,1,1,1,1,1,1,1,1,1,1,1,1,1,1,1,1,1,1,1,1,1,1,1,1,1,1,1,1,1,1,1,1,1,1,1,1,1,1,1,1,1,1,1,1,1,1,1,1,1,2,1,1,1,1,1,1,1,1,1,1,1,1,1,1,2,1,1,1,1,1,1,1,1,1,1,1,1,1,1,1,1,1,1,1,1,1,1,1,1,1,1,1,1,1,1,1,1,2,2,1,1,1,1,1,1,1,1,1,1,1,1,1,1,1,1,1,1,1,1,0,1,1,1,1,1,1,1,1,1,1,1,1,1,1,1,1,1,1,1,1,1,1,1,1,1,1,1,1,1,1,1,1,1,1,1,1,1,1,1,1,1,1,1,1,1,1,1,1,1,1,1,1,1,1,1,1,1,3,1,1,1,1,1,1,1,1,2,1,1,3,1,1,1,1,1,1,1,1,1,1,1,1,1,1,1,1,1,1,1,1,1,1,1,1,1,1,1,1,1,1,1,1,1,1,1,1,2,1,1,1,1,1,1,1,1,1,1,1,1,1,2,1,1,1,1,1,1,1,1,1,1,1,1,1,1,1,1,1,1,1,1,1,1,1,1,1,1,1,1,1,1,1,1,1,1,1,1,1,1,1,1,1,1,1,1,1,1,1,1,1,1,1,1,2,1,1,1,1,1,1,1,1,1,1,1,1,1,1,1,1,1,1,1,1,1,1,1,1,1,1,1,1,1,1,1,1,1,1,1,1,1,1,1,1,1,1,1,1,1,1,1,1,1,1,1,1,1,1,1,1,1,1,1,1,1,1,1,1,1,1,1,1,1,1,1,1,1,1,1,1,1,1,1,1,1,1,1,1,1,1,1,1,1,1,1,1,1,1,1,1,1,1,1,1,1,1,1,1,1,1,1,1,1,1,1,1,1,1,2,1,2,1,1,1,1,1,1,1,1,1,2,1,2,1,1,1,1,1,1,1,1,1,1,1,1,2,1,1,1,1,2,1,1,1,1,2,1,1,1,1,1,1,1,1,1,1,1,1,1,1,1,1,1,1,1,1,1,1,1,1,1,1,1,1,1,1,1,1,1,1,1,1,1,2,1,1,1,1,1,1,1,1,1,1,2,1,1,2,1,1,1,1,1,1,1,2,1,1,1,1,1,1,1,1,1,1,1,1,1,1,1,1,1,1,1,1,1,1,2,2,2,2,1,1,1,1,1,1,1,1,1,1,1,1,1
1,1,1,1,1,1,1,1,2,1,1,1,1,0,2,1,2,1,1,1,3,1,1,2,1,1,1,1,1,2,1,2,1,1,1,1,2,1,2,1,1,1,2,2,1,1,2,1,1,2,1,1,1,2,2,2,1,1,1,1,1,1,1,1,1,1,1,2,2,1,2,2,2,2,3,1,3,2,1,1,2,1,1,2,1,2,1,1,1,2,1,1,1,1,1,2,1,1,2,2,1,2,1,1,1,2,1,1,1,1,1,2,1,2,1,2,1,1,1,2,2,2,1,2,2,1,1,2,3,1,1,2,1,2,1,1,1,1,1,1,1,2,1,2,1,1,1,1,1,2,1,2,2,1,1,1,2,1,1,1,1,2,2,2,2,1,1,1,1,1,1,1,1,1,1,1,1,1,1,1,1,1,1,1,1,1,1,1,1,1,1,1,1,1,1,1,1,1,1,1,1,1,1,1,1,1,1,1,1,1,1,2,1,1,1,1,1,1,1,2,1,2,2,1,2,2,2,2,2,1,0,2,2,2,2,1,1,2,2,1,1,2,1,2,1,1,1,1,1,2,2,2,1,2,2,1,2,2,1,1,2,2,1,2,1,2,1,2,1,1,2,1,1,1,1,1,2,1,2,1,1,1,1,1,1,1,1,2,2,1,1,1,1,1,1,1,2,1,1,2,2,1,2,1,2,1,2,2,1,1,2,1,2,1,1,2,1,1,1,1,1,1,2,1,1,1,2,1,1,1,1,1,1,2,1,1,2,2,1,1,1,2,1,1,1,1,1,1,2,1,1,2,1,1,1,1,1,1,2,1,2,1,1,2,2,1,2,2,2,1,2,1,1,1,1,1,1,2,1,1,2,2,1,1,1,1,2,2,2,2,1,1,2,1,2,2,2,2,1,1,1,2,1,1,2,2,1,1,1,1,1,1,1,1,1,1,1,1,1,1,1,1,2,1,1,1,2,2,1,1,1,3,1,1,1,1,1,1,1,1,1,1,1,1,1,1,1,1,1,1,1,2,1,1,1,1,1,1,1,2,1,1,1,1,1,1,1,1,2,1,2,1,1,2,2,1,2,1,2,1,1,1,2,1,1,1,2,1,1,2,2,1,1,1,1,1,1,0,1,1,1,1,1,1,1,1,1,1,1,1,1,1,2,1,1,1,1,1,2,1,2,1,1,1,1,2,2,3,3,2,2,2,2,2,2,2,1,2,1,2,1,1,1,1,1,2,1,1,1,1,2,1,2,1,2,2,1,2,1,2,1,2,1,1,1,1,1,2,1,1,1,1,2,1,2,2,1,1,1,1,1,1,1,1,1,1,1,1,1,1,1,1,1,2,1,1,1,1,2,1,1,1,2,1,1,1,1,1,1,1,2,1,2,1,1,1,1,2,1,2,1,1,1,1,1,1,1,1,1,1,1,1,1,1,1,1,1,1,1,1,1,1,1,1,1,1,1,2,1,1,1,1,1,1,1,1
1,1,1,1,1,1,1,2,1,1,1,1,1,1,2,1,1,1,1,1,1,1,1,1,1,1,1,1,1,2,1,2,1,3,1,1,1,1,1,1,1,1,1,3,1,1,1,1,1,1,1,1,1,1,2,2,2,1,1,1,1,1,3,1,2,2,1,1,2,1,1,3,2,1,2,3,3,2,2,2,3,3,2,2,2,1,1,1,1,2,3,2,2,1,1,2,1,1,1,1,3,2,1,1,1,1,1,1,2,1,2,3,3,2,1,2,1,3,2,2,3,3,2,3,2,2,3,3,2,2,3,1,1,3,2,2,1,2,3,1,2,2,3,2,2,1,2,2,3,2,2,2,2,2,2,2,3,2,2,3,3,3,3,3,3,2,2,2,2,3,1,2,2,3,2,2,3,2,2,2,2,2,2,2,2,3,2,3,2,2,2,2,3,2,3,2,3,2,2,2,2,2,2,2,2,3,2,2,2,2,2,1,1,1,1,1,1,1,1,1,3,1,1,1,1,2,2,1,1,1,0,2,2,2,1,1,3,1,1,2,1,1,1,1,2,1,1,1,2,2,1,1,1,2,1,1,2,2,2,1,2,1,1,1,2,2,1,2,2,2,2,2,1,2,1,2,2,2,2,1,2,2,2,2,2,2,2,2,2,1,1,1,2,2,1,1,2,1,2,2,3,2,1,2,1,2,1,3,1,1,2,1,3,2,2,2,1,2,2,1,1,2,3,2,2,3,2,2,1,3,1,2,1,2,2,1,2,3,2,1,1,1,1,1,3,3,1,1,3,2,1,3,1,2,1,2,1,1,1,1,1,1,1,1,3,1,2,1,2,1,1,1,2,2,1,2,1,3,1,1,1,1,1,1,1,1,1,2,2,2,1,2,3,1,1,1,1,1,2,1,1,2,2,3,2,1,2,1,1,1,2,2,1,1,1,1,1,1,1,1,2,1,3,1,1,1,3,2,1,3,1,1,1,1,1,1,1,1,1,1,1,1,1,1,1,1,1,1,1,1,1,1,2,1,1,1,1,1,2,1,1,3,1,3,1,1,1,1,3,2,2,1,1,3,2,1,2,1,2,1,1,1,2,1,1,1,1,1,3,2,2,3,3,1,1,1,2,1,1,3,1,3,2,1,3,1,1,1,1,1,1,1,2,1,1,1,1,1,1,1,1,1,1,1,1,3,2,2,3,2,2,3,2,2,3,3,2,2,3,2,2,1,2,2,2,2,1,2,1,1,2,1,2,1,2,2,1,3,2,2,1,1,1,1,2,1,1,3,1,2,1,2,1,2,1,3,1,3,2,2,1,2,2,3,3,2,2,2,2,3,2,3,3,3,2,2,2,2,3,2,3,3,1,1,1,2,1,3,2,2,2,1,2,3,3,1,1,1,1,2,1,2,2,1,1,2,2,2,1,2,2,2,2,2,2,3,2,2,1,1,2,2,1,2,2,2,1,2,2,2,2,2,2,2,1,2
1,2,1,1,1,1,1,1,2,1,1,1,1,1,1,1,1,2,1,2,1,1,1,1,1,1,1,1,2,1,1,1,1,1,1,1,2,1,1,2,1,1,1,1,1,1,1,1,1,1,1,1,1,1,1,1,1,1,1,1,1,1,1,1,1,1,1,1,1,1,1,1,1,1,1,1,2,1,1,1,1,1,1,1,1,1,2,1,1,1,1,1,1,1,1,2,1,1,2,1,1,1,1,1,1,1,1,2,1,1,1,1,1,2,1,1,2,1,1,1,1,1,1,1,1,1,1,1,1,1,1,1,1,1,1,1,1,1,1,1,1,1,1,1,1,1,1,1,1,1,2,1,2,2,1,1,2,1,1,1,1,1,1,1,1,1,1,2,1,1,2,1,1,1,1,2,1,1,1,1,1,1,1,1,1,1,1,1,1,1,1,1,1,2,1,1,1,1,1,1,1,1,1,1,2,1,2,1,1,1,3,1,1,1,1,1,1,1,1,2,1,2,1,1,1,1,1,1,1,1,0,1,1,1,1,1,1,1,2,1,1,1,1,1,1,1,1,1,1,1,2,1,1,1,1,1,1,1,1,1,1,1,1,2,1,2,1,1,1,1,1,1,1,1,1,1,1,1,1,1,1,1,1,1,1,1,3,1,1,1,1,1,1,1,3,1,1,1,1,1,1,1,1,1,1,2,1,1,1,1,1,1,1,1,1,1,1,1,1,1,1,1,1,1,1,1,1,1,2,1,1,1,1,1,1,1,1,1,1,1,1,1,1,1,1,1,1,2,2,1,1,1,1,1,1,1,1,1,1,1,1,1,1,1,1,1,1,1,1,1,1,1,1,2,1,1,1,1,1,1,1,1,1,1,1,1,1,1,1,1,1,1,1,1,1,1,1,1,1,1,2,1,2,1,1,1,1,1,2,1,1,1,1,1,1,1,1,1,1,1,1,2,1,1,1,1,2,2,1,1,2,1,1,1,2,1,1,1,1,1,1,1,1,1,2,1,1,2,1,1,1,1,2,1,1,1,2,1,1,1,3,1,3,1,1,1,1,1,1,3,1,1,3,1,1,1,1,1,1,1,1,1,1,1,1,1,1,1,1,1,1,1,1,1,2,2,1,1,3,1,1,1,1,1,1,1,1,1,1,1,2,1,2,1,1,1,1,1,1,1,1,1,1,1,1,1,1,1,1,1,1,1,1,1,1,1,1,1,1,1,1,1,2,1,1,1,1,1,1,2,1,1,1,1,2,3,1,1,1,1,1,1,2,1,1,1,3,1,1,1,1,1,1,1,1,1,1,1,2,1,1,1,1,1,1,1,1,1,1,1,1,1,1,1,1,1,1,1,1,1,1,1,2,1,1,1,1,3,2,2,1,1,1,1,1,1,1,1,2,1,1,1,1,1,1,1,1,1,1,1,1,1,1,1,1,1,1,1,1,1,1,2,1,1,1,1,1,1,1,1,1,1,1,1,1,1
2,1,2,1,1,1,2,3,1,1,2,1,2,1,1,1,1,1,1,1,1,2,1,1,1,1,1,1,1,2,1,1,2,3,1,1,1,1,1,1,1,0,1,2,1,1,1,1,1,1,1,1,1,2,1,1,1,1,1,1,1,1,1,1,1,1,1,1,2,1,1,1,1,1,1,3,1,1,1,1,1,2,1,1,2,1,1,1,1,2,1,1,1,1,1,1,1,1,1,1,3,2,1,1,1,1,1,1,1,1,1,1,3,1,1,1,1,1,1,2,1,2,1,2,1,1,2,2,1,1,1,1,1,2,1,1,2,1,1,1,1,1,2,2,2,3,2,1,2,1,3,3,1,1,1,1,1,1,1,2,1,1,2,1,1,1,1,1,1,1,1,1,1,2,1,1,1,2,1,2,3,2,1,1,2,2,2,2,1,1,1,1,1,1,1,1,1,1,1,1,1,1,1,1,1,1,1,1,1,1,1,1,1,1,2,2,1,1,1,1,2,1,1,1,1,1,1,1,1,1,0,1,1,1,1,1,3,1,1,2,1,1,2,1,2,1,1,1,1,1,1,1,1,1,1,3,3,1,2,1,1,1,1,1,1,1,1,2,1,1,1,1,2,2,1,1,1,1,1,1,3,3,3,1,1,1,1,1,1,1,1,1,1,1,1,1,2,1,1,2,1,2,2,2,1,1,1,1,1,1,1,1,2,3,1,1,1,1,1,1,1,1,2,2,2,3,2,1,1,2,1,2,1,2,1,2,1,1,2,1,1,1,2,1,2,2,1,1,3,2,1,1,1,1,1,2,1,1,1,1,1,1,2,1,1,1,3,1,2,1,1,1,1,1,1,2,1,1,2,2,2,1,1,2,1,1,1,2,1,1,1,2,1,1,1,1,1,1,1,1,1,1,1,1,1,2,1,1,1,1,2,1,2,1,1,1,1,1,1,2,2,1,3,1,1,1,1,1,1,1,1,1,1,1,1,1,2,1,2,1,2,2,1,2,2,2,1,1,1,1,1,1,1,2,2,2,2,3,2,2,1,2,1,2,1,1,1,1,1,2,1,1,1,1,1,2,1,2,3,2,1,2,2,1,1,1,1,1,1,1,2,2,3,1,2,2,1,1,1,2,1,3,2,2,3,3,1,1,1,1,1,3,2,1,2,1,1,1,2,1,1,1,1,1,1,1,1,1,1,1,1,2,1,1,2,1,2,1,2,1,1,3,2,3,1,1,1,1,1,1,1,1,2,1,1,1,1,2,1,2,1,2,1,2,1,2,1,1,1,2,1,1,1,1,1,1,1,1,2,1,1,1,1,1,1,1,1,1,1,2,3,1,2,1,1,1,1,2,1,1,2,2,2,3,1,1,1,1,1,1,1,2,3,1,2,1,1,1,1,1,1,1,2,1,1,2,2,1,1,1,3,3,1,1,1,2,1,1,1,1,1,1,1,1,1,1,1,1,1,2,1,3,1,2,1,1
61.7,56.7,58.6,58.1,61.5,62.1,59.9,55.6,59.7,60,56.1,58.8,57.9,60.8,63,60.1,62.8,62.2,62.6,63.9,63.5,63,67.8,68.4,66.6,68.5,73.2,70.5,66.4,72.5,67.6,70,61,61.3,69.3,61.3,62.6,70.7,64.4,66.2,65.7,68,68,73.8,68.9,66,70.5,71.6,66.4,68.2,68.7,75.2,69.8,71.6,77.2,74.7,75.2,66.7,68.2,67.8,69.8,69.8,74.7,72.5,69.1,70.3,70.9,74.1,75.2,72.1,70.7,73.4,73.4,70.7,74.3,69.6,73.9,75,74.1,75.2,76.6,73.2,71.2,75.6,69.8,79.2,71.4,74.1,71.6,70.9,74.3,69.8,68.9,71.6,72.3,69.8,73.8,78.1,75.4,75.2,70.5,72.1,70.9,70.2,73.4,75.2,74.3,76.3,76.3,76.1,73.4,75.9,73.4,79.9,73.4,73.8,74.7,73.8,73.9,73,77,81,75.7,75.9,80.2,76.5,72.3,78.6,75.7,77.7,80.1,78.6,79.7,81.1,76.6,77,83.7,77.4,77,78.8,75,75.4,79.5,76.5,73.9,78.1,80.1,77.7,77.7,79.9,82.4,74.1,73.4,75.9,74.5,76.3,85.6,75.2,77,73.4,73.9,74.8,73.4,74.7,83.7,77,78.1,76.5,77.7,79.3,81.5,77.7,79.5,81.9,78.8,78.3,80.6,75.2,75.4,71.6,72.7,72.7,71.1,72.3,72.1,72.3,67.5,64.6,71.1,66.9,67.3,69.3,71.6,69.3,69.8,68.5,69.4,69.1,69.4,71.2,72.5,73.4,75.2,72.3,75.6,79.9,73.9,74.5,75.4,78.8,78.4,61.5,57.9,55.9,57.2,54,55.8,59,59,59,70.2,62.8,64.4,65.3,67.1,72.3,70.2,66,66.6,66.2,NA,77.5,74.1,74.1,69.8,68.7,71.1,69.8,68,70.5,69.1,68.8,71.6,70.9,74.5,67.8,73.4,69.3,71.6,71.2,72.9,71.6,72.7,76.4,75.9,69.8,69.8,73.9,72.7,67.8,70.9,75.2,68.5,69.1,68,70.2,69.1,75.6,73.8,71.2,75.2,72,71.2,71.1,68.4,71.6,80.2,72.7,77,80,73,74.1,70.9,76.3,72.7,75.2,73.2,82.6,84.2,76.3,80.1,74.8,79.9,74.4,74.7,78.8,81.1,75.2,75.7,83.5,78,75.2,80.6,72.1,78.4,76.1,80.6,81.3,75.2,74.7,75.9,77.7,78.8,70.9,74.5,73.6,74.5,73.2,75.6,77.5,77,78.1,82.4,77,80.8,71.4,78.6,74.7,75.6,78.4,75.9,76.5,77.7,81,78.8,75.9,77.4,84,73.4,74.7,73.4,75.2,75.2,77.7,79.9,79.9,78.1,77.5,77,75.9,80.6,84,78.3,78.1,78.8,77,83.5,80.6,87.3,81.5,86.7,80.6,79.7,83.7,79.7,75.9,76.5,78.6,81,76.5,77.4,77.9,81.7,78.4,80.4,82.4,83.7,80,77.7,77,78.8,78.8,79.2,80.6,78.1,77.2,79.5,85.5,79.2,79.5,79.9,80.6,82,78.8,82.4,79.9,80.6,80.1,78.1,79.5,79.5,82.4,83.1,84,75.2,72.3,78.6,76.5,74.7,75.2,75.2,77.7,75.9,75.2,75.2,77,75.2,75.9,79.9,74.1,73.4,76.3,76.5,74.1,77,74.5,73.9,74.5,74.8,75.2,54,60.1,61.2,60.8,60.8,63.3,61.9,63.1,60.1,59,59.7,59,59.2,58.6,57.2,59.4,63.5,60.1,63.5,59,61.9,66.2,64.9,63.9,62.4,64.4,60.8,60.6,63.7,66.6,63.1,65.2,66.7,73.4,69.8,66.7,66.9,68,75.6,70.5,72.7,68,69.3,72.9,72.7,70.5,72.1,70.7,73.4,71.6,72.3,72.7,77,73.8,73.8,73.4,77,73.6,77.4,75.9,77,80.6,74.5,73,73.4,72.5,75.7,74.7,75.2,71.6,72.7,69.8,75.2,67.6,69.6,68.5,66.9,67.5,68.4,70.5,70.9,69.2,71,71.1,70.5,72.1,73.6,73.4,72,71.1,74.1,72.9,71.6,76.3,73.4,84.9,76.5,76.3,NA,83,80.1,78.1,78.1,76.3,80.6,78.1,76.8,75,76.5,81.5,77,75.4,76.3,74.1,76.5,75.2,75.2,75.9,74.1,75.9,77.5,79.3,81,75.2,79.5,79.2,76.8,81.9,78.4,76.5,76.5,77.4,75.2,76.3,75.6,73.9,76.3,NA,75.2,79.7,75.4,78.8,77.7,78.8,78.3,87.8,74.8,81.7,72.4,73.4,71.6,77.4,74.3,76.1,71.1,71.6,71.6,74.7,74.5,74.3,72.7,74.8,69.4,NA,77.2,73.4,74.1,73.2,75.4,72.7,78.8,75.7,74.7,71.1,75.6,73.6,75.9,NA,75.7,74.1,75.9,72.5,69.8,71.6,73.9,68.7,70.5,70,70,70.5,71.1,70.2,70.5,70.9,70.2,71.6,69.8,68.7,67.8,73.4,65.1,60.6,64.9,65.3,64.2,69.3,63.7,68.9,65.1,66.2,69.8,66.9,66.9,70.5,67.1,67.1,68.9,73.4,74.1,68.7,68.2,65.1,66.7,71.1,65.1,66.9
120,120,120,120,120,120,120,97,116,120,120,120,120,120,114,120,120,120,120,120,116,120,120,120,120,120,120,104,120,50,120,66,120,115,120,120,120,120,120,120,120,120,120,66,120,120,120,120,120,120,120,92,120,98,118,77,63,120,120,120,120,120,81,120,118,85,120,120,110,105,120,59,100,117.4,87,37,112,110,85,92.2,65,52,84,92,87,120,108,80,120,70,57,72,84,91,100,77,120,120,120,96,47,108,120,119,120,120,113,120,60,120,67,60,51,55,100,76,75,55,95,97,57,35,103,45,96,76,62,94,72,77,45,89,105,32,70,87,93,78,56,90,67,65,50,57,67,83,59,89,49,85,45,46,61,60,60,67,46,58,72,46,55,62,25,35,58,57,62,63,64,50,90,57,59,34,57,59,45,56,73,60,48,67,65,59,51,46,49,46,100,58,55,47,46,56,26,56,68,65,68,67,64,63,59,55,64,78,64,64,57,55,85,120,120,120,120,120,120,120,120,120,120,120,120,120,120,45,65,120,120,120,NA,51.5,65,65,120,120,19,120,120,37,120,120,95,120,56,120,120,120,66,87,83,112,110,54,120,101,62,56,42,94,67,115,86,105,41,82,100,41,48.2,76,49,76,72,90,88,73,36,71,37,75,53,46,53,37,73,62,73,90,42,48,101,68,66,63,81,90,35,76,52,66,42,70,82,54,90,51,71,NA,55,67,56,75,31.8,56,52,51,51,67,70,96,67,57,47.3,57,90,45,72,60,71,69,80,62,80,44,85,61,66,42,68,110,78,75,53,78,57,57,78,71,36,65,75,42.2,95,65,75,71,72,79,88,79,81,78,67,70,57,82,58,79,75,77,68,82,70,77,86,49,82,55,77,77,95,85,80,81,84,85,87,87,71,68,63,42,47,80,110,118,120,50,73,75,78,81,59,55.5,74,100,87,59,79,80,71,54,56,85,100,97,90,95,70,80,49,106,75,120,85,80,82,85,85,87,120,120,120,120,120,120,120,120,120,120,120,120,120,120,120,120,120,120,120,120,120,120,89,120,120,120,120,120,85,120,118,100,120,20,120,120,120,120,31,77,78,120,120,69,95,85,106,120,50,120,111,120,56,120,120,120,120,120,116,80,41,29,64,97,105,120,108,120,120,33,105,49,98,120,39,109,120,104,120,103,107,111,60,120,120,103,74,115,86,120,96,120,120,100,120,94,85,79,NA,53,47,58,49,62,67,62,69,63,45,48,107,90,66,67,62,79,80,78,85,109,56,90,98,97,84,70.2,96,72,67,63,89,115,107,83,63,87,90.4,NA,96,75,92,68,71,70,63,35,94,50,70.4,63,73,85,56,85,25,73,78,61,56,14,59,17,25,NA,59,60,79,58,24,66,88,25,85,86,120,71,97,NA,51,79,55,80,73,44,60,108,84,120,107,105,107,50,79,80,85,51,46,50,74,75,50,59,68,73,77,65,78,82,97,73,71,69,84,70,79,75,88,53,68,59,72,56,69,61,86,81
0,0,0,0,0,0,0,0,0,0,0,0,0,0,0,0,0,0,0,0,0,0,0,0,0,0,0,0,0,1,0,0,0,0,0,0,0,0,0,0,0,0,0,0,0,0,0,0,0,0,0,0,0,0,0,0,0,0,0,0,0,0,0,0,0,0,0,0,0,0,0,0,0,0,0,1,0,0,0,0,0,0,0,0,0,0,0,0,0,0,0,0,0,0,0,0,0,0,0,0,1,0,0,0,0,0,0,0,1,0,0,0,0,0,0,0,0,1,0,0,0,1,0,1,0,0,0,0,0,0,1,0,0,1,0,0,0,0,0,0,0,0,1,0,0,0,0,0,1,0,1,1,0,0,0,0,1,0,0,1,0,0,1,1,0,0,0,0,0,1,0,0,0,1,0,0,1,0,0,0,1,0,0,0,0,1,1,1,0,0,0,1,1,0,1,0,0,0,0,0,0,0,0,0,0,0,0,0,0,0,0,0,0,0,0,0,0,0,0,1,0,0,0,0,0,1,0,0,0,0,1,0,0,0,0,0,1,0,0,1,0,0,1,0,0,0,0,0,0,0,0,0,0,0,0,0,0,0,1,0,0,0,0,0,1,0,0,1,1,0,1,0,0,0,0,0,1,0,1,0,0,1,0,1,0,0,0,0,1,1,0,0,0,0,0,0,1,0,0,0,1,0,0,0,0,0,0,1,0,0,0,0,1,1,0,0,1,0,0,0,0,0,1,0,0,1,0,0,0,0,0,0,0,1,0,0,0,1,0,0,0,0,0,0,0,0,0,0,1,0,0,1,0,0,1,0,0,0,0,0,0,0,0,0,0,0,0,0,0,0,0,0,0,0,0,1,0,0,0,1,0,0,0,0,0,0,0,0,0,0,0,1,1,0,0,0,0,1,1,0,0,0,0,0,0,0,0,0,0,0,0,0,0,0,0,0,0,0,0,0,1,0,0,0,0,0,0,0,0,0,0,0,0,0,0,0,0,0,0,0,0,0,0,0,1,0,0,0,0,0,1,0,0,0,0,0,0,0,0,0,0,0,0,1,0,0,0,0,1,0,0,0,0,0,0,0,0,0,1,0,0,0,0,0,0,0,0,0,0,0,1,1,0,0,0,0,0,0,0,1,0,1,0,0,1,0,0,0,0,0,0,0,0,0,0,0,0,0,0,0,0,0,0,0,0,0,0,0,1,0,1,0,1,1,0,0,0,0,1,1,0,0,0,0,0,0,0,0,0,0,0,0,0,0,0,0,0,0,0,0,0,0,0,0,0,0,0,1,0,0,0,0,0,0,0,1,0,1,0,1,0,0,0,0,1,0,0,0,0,1,0,1,1,1,0,0,0,0,1,0,0,1,0,0,0,0,0,1,0,0,0,0,0,1,0,0,0,0,0,0,0,1,0,0,0,0,1,1,0,0,1,0,0,0,0,0,0,0,0,0,0,0,0,0,0,0,0,0,0,0,0,0,0,0,0,0
